{
	"credit": "Made with Blockbench",
	"textures": {
		"0": "entity/chest/normal",
		"particle": "entity/chest/normal"
	},
	"elements": [
		{
			"from": [0, 0, 0],
			"to": [16, 10.2, 16],
			"faces": {
				"north": {"uv": [14, 10.75, 10.5, 8.25], "texture": "#0"},
				"east": {"uv": [3.5, 10.75, 0, 8.25], "texture": "#0"},
				"south": {"uv": [7, 10.75, 3.5, 8.25], "texture": "#0"},
				"west": {"uv": [10.5, 10.75, 7, 8.25], "texture": "#0"},
				"up": {"uv": [7, 8.25, 3.5, 4.75], "texture": "#0"},
				"down": {"uv": [10.5, 0, 7, 3.5], "texture": "#0"}
			}
		},
		{
			"from": [0, 10.2, 0],
			"to": [16, 14.95, 16],
			"rotation": {"angle": 0, "axis": "y", "origin": [8, 7.95, 8]},
			"faces": {
				"north": {"uv": [14, 4.75, 10.5, 3.75], "texture": "#0"},
				"east": {"uv": [3.5, 4.75, 0, 3.75], "texture": "#0"},
				"south": {"uv": [7, 4.75, 3.5, 3.75], "texture": "#0"},
				"west": {"uv": [10.5, 4.75, 7, 3.75], "texture": "#0"},
				"up": {"uv": [7, 4.75, 3.5, 8.25], "texture": "#0"},
				"down": {"uv": [16, 16, 0, 0], "texture": "#missing"}
			}
		},
		{
			"from": [7, 8, -1],
			"to": [9, 12, 0],
			"rotation": {"angle": 0, "axis": "y", "origin": [16, 19, 7]},
			"faces": {
				"north": {"uv": [1.5, 1.25, 1, 0.25], "texture": "#0"},
				"east": {"uv": [0.75, 1.25, 0.5, 0.25], "texture": "#0"},
				"south": {"uv": [2, 4, 0, 0], "texture": "#missing"},
				"west": {"uv": [1.5, 1.25, 1.25, 0.25], "texture": "#0"},
				"up": {"uv": [1.25, 0.25, 0.75, 0], "texture": "#0"},
				"down": {"uv": [0.75, 0.25, 0.25, 0], "texture": "#0"}
			}
		}
	],
	"gui_light": "front",
	"display": {
		"head": {
			"translation": [0, -32, 0],
			"scale": [1.19922, 1.19922, 1.19922]
		}
	}
}