{
    "parent": "item/generated",
    "textures": {
        "layer0": "item/glass_bottle"
    },
	"overrides": [
        { "predicate": { "custom_model_data": 1 }, "model": "adriftus:item/xp_vessels/level_5_empty" },
	    { "predicate": { "custom_model_data": 2 }, "model": "adriftus:item/xp_vessels/level_10_empty" },
		{ "predicate": { "custom_model_data": 10140002 }, "model": "adriftus:item/alchemy/splash_potion" },
		{ "predicate": { "custom_model_data": 10140003 }, "model": "adriftus:item/alchemy/lingering_potion" },
		{ "predicate": { "custom_model_data": 10140004 }, "model": "adriftus:item/alchemy/arrow" }
	]
}
