{
	"parent": "item/generated",
	"textures": {
		"layer0": "item/leather_boots",
		"layer1": "item/leather_boots_overlay"
	},
	"overrides": [
		{"predicate": {"custom_model_data": 10140001}, "model": "adriftus:potion/alchemy/0"},
		{"predicate": {"custom_model_data": 10140002}, "model": "adriftus:potion/alchemy/1"},
		{"predicate": {"custom_model_data": 10140003}, "model": "adriftus:potion/alchemy/2"},
		{"predicate": {"custom_model_data": 10140004}, "model": "adriftus:potion/alchemy/3"},
		{"predicate": {"custom_model_data": 10140005}, "model": "adriftus:potion/alchemy/lava"},
		{"predicate": {"custom_model_data": 10140006}, "model": "adriftus:potion/alchemy/ice"}
	]
}
