{
    "parent": "minecraft:block/red_wool",
    "textures": {
        "layer0": "block/red_wool"
    },
	"overrides": [
		{ "predicate": { "custom_model_data": 10001001 }, "model": "adriftus:item/claims/remove_member" },
		{ "predicate": { "custom_model_data": 10001002 }, "model": "adriftus:item/claims/auto_plant_x" },
		{ "predicate": { "custom_model_data": 10001003 }, "model": "adriftus:item/claims/block_break_x" },
		{ "predicate": { "custom_model_data": 10001004 }, "model": "adriftus:item/claims/block_place_x" },
		{ "predicate": { "custom_model_data": 10001005 }, "model": "adriftus:item/claims/darken_sky_x" },
		{ "predicate": { "custom_model_data": 10001006 }, "model": "adriftus:item/claims/farm_x" },
		{ "predicate": { "custom_model_data": 10001007 }, "model": "adriftus:item/claims/fly_x" },
		{ "predicate": { "custom_model_data": 10001008 }, "model": "adriftus:item/claims/fog_x" },
		{ "predicate": { "custom_model_data": 10001009 }, "model": "adriftus:item/claims/interact_x" },
		{ "predicate": { "custom_model_data": 10001010 }, "model": "adriftus:item/claims/kill_mobs_x" },
		{ "predicate": { "custom_model_data": 10001011 }, "model": "adriftus:item/claims/mob_spawn_x" },
		{ "predicate": { "custom_model_data": 10001012 }, "model": "adriftus:item/claims/time_x" },
		{ "predicate": { "custom_model_data": 10001013 }, "model": "adriftus:item/claims/weather_x" }
	]
}