{
	"credit": "Made with Blockbench",
    "gui_light": "front",
	"textures": {
		"0": "item/bucket",
		"particle": "item/bucket"
	},
	"elements": [
		{
			"name": "bucket_0",
			"from": [5, 8, 15],
			"to": [11, 14, 16],
			"faces": {
				"north": {"uv": [6, 13, 12, 7], "rotation": 180, "texture": "#0"},
				"east": {"uv": [10, 1, 11, 15], "rotation": 180, "texture": "#0"},
				"south": {"uv": [6, 13, 12, 7], "rotation": 180, "texture": "#0"},
				"west": {"uv": [5, 1, 6, 15], "rotation": 180, "texture": "#0"},
				"up": {"uv": [5, 14, 11, 15], "texture": "#0"},
				"down": {"uv": [11, 1, 5, 2], "rotation": 180, "texture": "#0"}
			}
		},
		{
			"name": "bucket_1",
			"from": [5, 2, 15],
			"to": [11, 8, 16],
			"faces": {
				"north": {"uv": [6, 13, 12, 7], "texture": "#0"},
				"east": {"uv": [10, 1, 11, 15], "rotation": 180, "texture": "#0"},
				"south": {"uv": [6, 13, 12, 7], "texture": "#0"},
				"west": {"uv": [5, 1, 6, 15], "rotation": 180, "texture": "#0"},
				"up": {"uv": [5, 14, 11, 15], "texture": "#0"},
				"down": {"uv": [11, 1, 5, 2], "rotation": 180, "texture": "#0"}
			}
		},
		{
			"name": "bucket_1",
			"from": [5, 1, 15],
			"to": [11, 2, 16],
			"faces": {
				"north": {"uv": [5, 14, 11, 15], "rotation": 180, "texture": "#0"},
				"east": {"uv": [5, 15, 11, 14], "texture": "#0"},
				"south": {"uv": [5, 15, 11, 14], "texture": "#0"},
				"west": {"uv": [5, 15, 11, 14], "texture": "#0"},
				"up": {"uv": [5, 14, 11, 15], "texture": "#0"},
				"down": {"uv": [11, 1, 5, 2], "rotation": 180, "texture": "#0"}
			}
		},
		{
			"name": "bucket_1",
			"from": [5, 14, 2],
			"to": [11, 15, 9],
			"faces": {
				"north": {"uv": [11, 6, 5, 7], "rotation": 180, "texture": "#0"},
				"east": {"uv": [6, 1, 5, 2], "rotation": 180, "texture": "#0"},
				"south": {"uv": [11, 2, 5, 1], "texture": "#0"},
				"west": {"uv": [6, 1, 5, 2], "rotation": 180, "texture": "#0"},
				"up": {"uv": [11, 7, 5, 14], "rotation": 180, "texture": "#0"},
				"down": {"uv": [5, 1, 11, 2], "rotation": 180, "texture": "#0"}
			}
		},
		{
			"name": "bucket_2",
			"from": [5, 14, 9],
			"to": [11, 15, 15],
			"faces": {
				"north": {"uv": [5, 6, 11, 7], "rotation": 180, "texture": "#0"},
				"east": {"uv": [5, 1, 6, 2], "rotation": 180, "texture": "#0"},
				"south": {"uv": [5, 2, 11, 1], "texture": "#0"},
				"west": {"uv": [5, 1, 6, 2], "rotation": 180, "texture": "#0"},
				"up": {"uv": [5, 7, 11, 13], "texture": "#0"},
				"down": {"uv": [11, 1, 5, 2], "rotation": 180, "texture": "#0"}
			}
		},
		{
			"name": "bucket_3",
			"from": [5, 14, 15],
			"to": [11, 15, 16],
			"rotation": {"angle": 0, "axis": "x", "origin": [8, 8, 9]},
			"faces": {
				"north": {"uv": [5, 6, 11, 7], "rotation": 180, "texture": "#0"},
				"east": {"uv": [5, 1, 6, 2], "rotation": 180, "texture": "#0"},
				"south": {"uv": [5, 2, 11, 1], "texture": "#0"},
				"west": {"uv": [5, 1, 6, 2], "rotation": 180, "texture": "#0"},
				"up": {"uv": [5, 2, 11, 1], "texture": "#0"},
				"down": {"uv": [11, 1, 5, 2], "rotation": 180, "texture": "#0"}
			}
		},
		{
			"name": "bucket_4",
			"from": [5, 14, 1],
			"to": [11, 15, 2],
			"rotation": {"angle": 0, "axis": "x", "origin": [8, 8, -5]},
			"faces": {
				"north": {"uv": [5, 6, 11, 7], "rotation": 180, "texture": "#0"},
				"east": {"uv": [5, 1, 6, 2], "rotation": 180, "texture": "#0"},
				"south": {"uv": [5, 2, 11, 1], "texture": "#0"},
				"west": {"uv": [5, 1, 6, 2], "rotation": 180, "texture": "#0"},
				"up": {"uv": [5, 2, 11, 1], "texture": "#0"},
				"down": {"uv": [11, 1, 5, 2], "rotation": 180, "texture": "#0"}
			}
		},
		{
			"name": "bucket_2",
			"from": [5, 6, 1],
			"to": [11, 14, 2],
			"faces": {
				"north": {"uv": [5, 6, 11, 14], "rotation": 180, "texture": "#0"},
				"east": {"uv": [10, 1, 11, 15], "rotation": 180, "texture": "#0"},
				"south": {"uv": [5, 15, 11, 1], "texture": "#0"},
				"west": {"uv": [5, 1, 6, 15], "rotation": 180, "texture": "#0"},
				"up": {"uv": [5, 14, 11, 15], "texture": "#0"},
				"down": {"uv": [11, 1, 5, 2], "rotation": 180, "texture": "#0"}
			}
		},
		{
			"name": "bucket_1",
			"from": [3, 5, 1],
			"to": [5, 13, 2],
			"faces": {
				"north": {"uv": [3, 5, 5, 13], "rotation": 180, "texture": "#0"},
				"east": {"uv": [5, 1, 6, 2], "rotation": 180, "texture": "#0"},
				"south": {"uv": [3, 13, 5, 5], "texture": "#0"},
				"west": {"uv": [3, 2, 4, 13], "rotation": 180, "texture": "#0"},
				"up": {"uv": [3, 12, 5, 13], "texture": "#0"},
				"down": {"uv": [5, 2, 3, 3], "rotation": 180, "texture": "#0"}
			}
		},
		{
			"name": "bucket_2",
			"from": [3, 2, 15],
			"to": [5, 13, 16],
			"faces": {
				"north": {"uv": [3, 13, 5, 5], "texture": "#0"},
				"east": {"uv": [4, 2, 5, 13], "rotation": 180, "texture": "#0"},
				"south": {"uv": [3, 13, 5, 5], "texture": "#0"},
				"west": {"uv": [3, 2, 4, 13], "rotation": 180, "texture": "#0"},
				"up": {"uv": [3, 12, 5, 13], "texture": "#0"},
				"down": {"uv": [5, 2, 3, 3], "rotation": 180, "texture": "#0"}
			}
		},
		{
			"name": "bucket_2",
			"from": [11, 2, 15],
			"to": [13, 13, 16],
			"faces": {
				"north": {"uv": [11, 13, 13, 5], "texture": "#0"},
				"east": {"uv": [12, 2, 13, 13], "rotation": 180, "texture": "#0"},
				"south": {"uv": [11, 13, 13, 5], "texture": "#0"},
				"west": {"uv": [11, 2, 12, 13], "rotation": 180, "texture": "#0"},
				"up": {"uv": [11, 12, 13, 13], "texture": "#0"},
				"down": {"uv": [13, 2, 11, 3], "rotation": 180, "texture": "#0"}
			}
		},
		{
			"name": "bucket_3",
			"from": [11, 5, 1],
			"to": [13, 13, 2],
			"faces": {
				"north": {"uv": [11, 5, 13, 13], "rotation": 180, "texture": "#0"},
				"east": {"uv": [12, 2, 13, 13], "rotation": 180, "texture": "#0"},
				"south": {"uv": [11, 13, 13, 5], "texture": "#0"},
				"west": {"uv": [5, 1, 6, 2], "rotation": 180, "texture": "#0"},
				"up": {"uv": [11, 12, 13, 13], "texture": "#0"},
				"down": {"uv": [13, 2, 11, 3], "rotation": 180, "texture": "#0"}
			}
		},
		{
			"name": "bucket_6",
			"from": [2, 4, 8],
			"to": [3, 11, 15],
			"rotation": {"angle": 0, "axis": "x", "origin": [-3, 8, 7]},
			"faces": {
				"north": {"uv": [13, 11, 14, 3], "rotation": 180, "texture": "#0"},
				"east": {"uv": [5, 7, 11, 14], "rotation": 180, "texture": "#0"},
				"south": {"uv": [13, 3, 14, 11], "texture": "#0"},
				"west": {"uv": [5, 14, 12, 7], "texture": "#0"},
				"up": {"uv": [13, 11, 14, 10], "texture": "#0"},
				"down": {"uv": [14, 4, 13, 3], "rotation": 180, "texture": "#0"}
			}
		},
		{
			"name": "bucket_7",
			"from": [13, 4, 8],
			"to": [14, 11, 15],
			"rotation": {"angle": 0, "axis": "x", "origin": [8, 8, 7]},
			"faces": {
				"north": {"uv": [13, 11, 14, 3], "rotation": 180, "texture": "#0"},
				"east": {"uv": [5, 7, 11, 14], "rotation": 180, "texture": "#0"},
				"south": {"uv": [13, 3, 14, 11], "texture": "#0"},
				"west": {"uv": [5, 14, 12, 7], "texture": "#0"},
				"up": {"uv": [13, 11, 14, 10], "texture": "#0"},
				"down": {"uv": [14, 4, 13, 3], "rotation": 180, "texture": "#0"}
			}
		},
		{
			"name": "bucket_7",
			"from": [2, 4, 2],
			"to": [3, 11, 8],
			"rotation": {"angle": 0, "axis": "x", "origin": [-3, 8, 1]},
			"faces": {
				"north": {"uv": [13, 3, 14, 11], "rotation": 180, "texture": "#0"},
				"east": {"uv": [5, 14, 12, 7], "texture": "#0"},
				"south": {"uv": [13, 11, 14, 3], "texture": "#0"},
				"west": {"uv": [5, 7, 11, 14], "rotation": 180, "texture": "#0"},
				"up": {"uv": [13, 10, 14, 11], "texture": "#0"},
				"down": {"uv": [14, 3, 13, 4], "rotation": 180, "texture": "#0"}
			}
		},
		{
			"name": "bucket_8",
			"from": [13, 4, 2],
			"to": [14, 11, 8],
			"rotation": {"angle": 0, "axis": "x", "origin": [8, 8, 1]},
			"faces": {
				"north": {"uv": [13, 3, 14, 11], "rotation": 180, "texture": "#0"},
				"east": {"uv": [5, 14, 12, 7], "texture": "#0"},
				"south": {"uv": [13, 11, 14, 3], "texture": "#0"},
				"west": {"uv": [5, 7, 11, 14], "rotation": 180, "texture": "#0"},
				"up": {"uv": [13, 10, 14, 11], "texture": "#0"},
				"down": {"uv": [14, 3, 13, 4], "rotation": 180, "texture": "#0"}
			}
		},
		{
			"name": "bucket_7",
			"from": [2, 3, 2],
			"to": [3, 4, 15],
			"rotation": {"angle": 0, "axis": "x", "origin": [-3, 7, 7]},
			"faces": {
				"north": {"uv": [13, 11, 14, 3], "rotation": 180, "texture": "#0"},
				"east": {"uv": [13, 11, 14, 3], "rotation": 180, "texture": "#0"},
				"south": {"uv": [13, 3, 14, 11], "texture": "#0"},
				"west": {"uv": [5, 1, 6, 2], "rotation": 180, "texture": "#0"},
				"up": {"uv": [13, 11, 14, 10], "texture": "#0"},
				"down": {"uv": [14, 4, 13, 3], "rotation": 180, "texture": "#0"}
			}
		},
		{
			"name": "bucket_8",
			"from": [13, 3, 2],
			"to": [14, 4, 15],
			"rotation": {"angle": 0, "axis": "x", "origin": [8, 7, 7]},
			"faces": {
				"north": {"uv": [13, 11, 14, 3], "rotation": 180, "texture": "#0"},
				"east": {"uv": [13, 11, 14, 3], "rotation": 180, "texture": "#0"},
				"south": {"uv": [13, 3, 14, 11], "texture": "#0"},
				"west": {"uv": [5, 1, 6, 2], "rotation": 180, "texture": "#0"},
				"up": {"uv": [13, 11, 14, 10], "texture": "#0"},
				"down": {"uv": [14, 4, 13, 3], "rotation": 180, "texture": "#0"}
			}
		},
		{
			"name": "bucket_8",
			"from": [2, 11, 2],
			"to": [3, 12, 15],
			"rotation": {"angle": 0, "axis": "x", "origin": [-3, 15, 7]},
			"faces": {
				"north": {"uv": [13, 11, 14, 3], "rotation": 180, "texture": "#0"},
				"east": {"uv": [13, 11, 14, 3], "rotation": 180, "texture": "#0"},
				"south": {"uv": [13, 3, 14, 11], "texture": "#0"},
				"west": {"uv": [5, 1, 6, 2], "rotation": 180, "texture": "#0"},
				"up": {"uv": [13, 11, 14, 10], "texture": "#0"},
				"down": {"uv": [14, 4, 13, 3], "rotation": 180, "texture": "#0"}
			}
		},
		{
			"name": "bucket_9",
			"from": [13, 11, 2],
			"to": [14, 12, 15],
			"rotation": {"angle": 0, "axis": "x", "origin": [8, 15, 7]},
			"faces": {
				"north": {"uv": [13, 11, 14, 3], "rotation": 180, "texture": "#0"},
				"east": {"uv": [13, 11, 14, 3], "rotation": 180, "texture": "#0"},
				"south": {"uv": [13, 3, 14, 11], "texture": "#0"},
				"west": {"uv": [5, 1, 6, 2], "rotation": 180, "texture": "#0"},
				"up": {"uv": [13, 11, 14, 10], "texture": "#0"},
				"down": {"uv": [14, 4, 13, 3], "rotation": 180, "texture": "#0"}
			}
		},
		{
			"name": "bucket_7",
			"from": [2, 3, 15],
			"to": [3, 12, 16],
			"rotation": {"angle": 0, "axis": "x", "origin": [-3, 8, 8]},
			"faces": {
				"north": {"uv": [13, 11, 14, 3], "rotation": 180, "texture": "#0"},
				"east": {"uv": [13, 11, 14, 3], "rotation": 180, "texture": "#0"},
				"south": {"uv": [13, 3, 14, 11], "texture": "#0"},
				"west": {"uv": [5, 1, 6, 2], "rotation": 180, "texture": "#0"},
				"up": {"uv": [13, 11, 14, 10], "texture": "#0"},
				"down": {"uv": [14, 4, 13, 3], "rotation": 180, "texture": "#0"}
			}
		},
		{
			"name": "bucket_8",
			"from": [13, 3, 15],
			"to": [14, 12, 16],
			"faces": {
				"north": {"uv": [13, 11, 14, 3], "rotation": 180, "texture": "#0"},
				"east": {"uv": [13, 11, 14, 3], "rotation": 180, "texture": "#0"},
				"south": {"uv": [13, 3, 14, 11], "texture": "#0"},
				"west": {"uv": [5, 1, 6, 2], "rotation": 180, "texture": "#0"},
				"up": {"uv": [13, 11, 14, 10], "texture": "#0"},
				"down": {"uv": [14, 4, 13, 3], "rotation": 180, "texture": "#0"}
			}
		},
		{
			"name": "bucket_8",
			"from": [2, 3, 1],
			"to": [3, 12, 2],
			"rotation": {"angle": 0, "axis": "x", "origin": [-3, 8, -6]},
			"faces": {
				"north": {"uv": [13, 11, 14, 3], "rotation": 180, "texture": "#0"},
				"east": {"uv": [13, 11, 14, 3], "rotation": 180, "texture": "#0"},
				"south": {"uv": [13, 3, 14, 11], "texture": "#0"},
				"west": {"uv": [5, 1, 6, 2], "rotation": 180, "texture": "#0"},
				"up": {"uv": [13, 11, 14, 10], "texture": "#0"},
				"down": {"uv": [14, 4, 13, 3], "rotation": 180, "texture": "#0"}
			}
		},
		{
			"name": "bucket_9",
			"from": [13, 3, 1],
			"to": [14, 12, 2],
			"rotation": {"angle": 0, "axis": "x", "origin": [8, 8, -6]},
			"faces": {
				"north": {"uv": [13, 11, 14, 3], "rotation": 180, "texture": "#0"},
				"east": {"uv": [13, 11, 14, 3], "rotation": 180, "texture": "#0"},
				"south": {"uv": [13, 3, 14, 11], "texture": "#0"},
				"west": {"uv": [5, 1, 6, 2], "rotation": 180, "texture": "#0"},
				"up": {"uv": [13, 11, 14, 10], "texture": "#0"},
				"down": {"uv": [14, 4, 13, 3], "rotation": 180, "texture": "#0"}
			}
		},
		{
			"name": "bucket_6",
			"from": [11, 13, 1],
			"to": [12, 14, 16],
			"faces": {
				"north": {"uv": [11, 13, 12, 14], "rotation": 180, "texture": "#0"},
				"east": {"uv": [11, 13, 12, 14], "rotation": 180, "texture": "#0"},
				"south": {"uv": [11, 14, 12, 13], "texture": "#0"},
				"west": {"uv": [11, 13, 12, 14], "rotation": 180, "texture": "#0"},
				"up": {"uv": [11, 13, 12, 14], "texture": "#0"},
				"down": {"uv": [12, 13, 11, 14], "rotation": 180, "texture": "#0"}
			}
		},
		{
			"name": "bucket_7",
			"from": [4, 13, 1],
			"to": [5, 14, 16],
			"rotation": {"angle": 0, "axis": "x", "origin": [0, 8, 8]},
			"faces": {
				"north": {"uv": [11, 13, 12, 14], "rotation": 180, "texture": "#0"},
				"east": {"uv": [11, 13, 12, 14], "rotation": 180, "texture": "#0"},
				"south": {"uv": [11, 14, 12, 13], "texture": "#0"},
				"west": {"uv": [11, 13, 12, 14], "rotation": 180, "texture": "#0"},
				"up": {"uv": [11, 13, 12, 14], "texture": "#0"},
				"down": {"uv": [12, 13, 11, 14], "rotation": 180, "texture": "#0"}
			}
		},
		{
			"name": "bucket_8",
			"from": [3, 12, 2],
			"to": [4, 13, 15],
			"rotation": {"angle": 0, "axis": "x", "origin": [-1, 7, 8]},
			"faces": {
				"north": {"uv": [11, 13, 12, 14], "rotation": 180, "texture": "#0"},
				"east": {"uv": [11, 13, 12, 14], "rotation": 180, "texture": "#0"},
				"south": {"uv": [11, 14, 12, 13], "texture": "#0"},
				"west": {"uv": [11, 13, 12, 14], "rotation": 180, "texture": "#0"},
				"up": {"uv": [11, 13, 12, 14], "texture": "#0"},
				"down": {"uv": [12, 13, 11, 14], "rotation": 180, "texture": "#0"}
			}
		},
		{
			"name": "bucket_9",
			"from": [12, 12, 2],
			"to": [13, 13, 15],
			"rotation": {"angle": 0, "axis": "x", "origin": [8, 7, 8]},
			"faces": {
				"north": {"uv": [11, 13, 12, 14], "rotation": 180, "texture": "#0"},
				"east": {"uv": [11, 13, 12, 14], "rotation": 180, "texture": "#0"},
				"south": {"uv": [11, 14, 12, 13], "texture": "#0"},
				"west": {"uv": [11, 13, 12, 14], "rotation": 180, "texture": "#0"},
				"up": {"uv": [11, 13, 12, 14], "texture": "#0"},
				"down": {"uv": [12, 13, 11, 14], "rotation": 180, "texture": "#0"}
			}
		}
	],
	"display": {
		"thirdperson_righthand": {
			"rotation": [92.5, 0, 0],
			"translation": [0, -1.25, -3],
			"scale": [0.5, 0.5, 0.5]
		},
		"thirdperson_lefthand": {
			"rotation": [92.5, 0, 0],
			"translation": [0, -1.25, -3.25],
			"scale": [0.5, 0.5, 0.5]
		},
		"firstperson_righthand": {
			"rotation": [6, -180, 150.25],
			"scale": [0.5, 0.5, 0.25]
		},
		"firstperson_lefthand": {
			"rotation": [18.5, -180, 150.25],
			"scale": [0.5, 0.5, 0.25]
		},
		"ground": {
			"translation": [0, 2.5, 0],
			"scale": [0.75, 0.75, 0.75]
		},
		"gui": {
			"rotation": [0, -180, 0]
		},
		"head": {
			"translation": [0, 0.25, -0.75],
			"scale": [1.45, 1.4, 1]
		}
	},
	"groups": [
		{
			"name": "bucket",
			"origin": [8, 8, 8],
			"children": [0, 1, 2, 3, 4, 5, 6, 7, 8, 9, 10, 11, 12, 13, 14, 15, 16, 17, 18, 19, 20, 21, 22, 23, 24, 25, 26, 27]
		}
	]
}