{
    "providers": [
        {
            "type": "bitmap",
            "file": "minecraft:font/claims_banner_sword.png",
            "ascent": -7,
            "height": 16,
            "chars": [
                "\u0001"
            ]
        },
        {
            "type": "bitmap",
            "file": "minecraft:font/claims_banner_bow.png",
            "ascent": 0,
            "height": 16,
            "chars": [
                "\u0002"
            ]
        },
        {
            "type": "bitmap",
            "file": "minecraft:font/claims_banner_staff.png",
            "ascent": 0,
            "height": 16,
            "chars": [
                "\u0003"
            ]
        }
    ]
}
