{
  "parent": "minecraft:item/generated",
  "textures": {
    "layer0": "minecraft:item/dried_kelp"
  },
  "overrides": [
    { "predicate": { "custom_model_data": 1 }, "model": "adriftus:item/keys/daily_vote" },
    { "predicate": { "custom_model_data": 2 }, "model": "adriftus:item/food/roll_cod" },
    { "predicate": { "custom_model_data": 3 }, "model": "adriftus:item/food/roll_salmon" },
    { "predicate": { "custom_model_data": 4 }, "model": "adriftus:item/food/roll_pufferfish" },
    { "predicate": { "custom_model_data": 5 }, "model": "adriftus:item/food/roll_tropical" },
    { "predicate": { "custom_model_data": 6 }, "model": "adriftus:item/food/roll_mushroom_red" },
	{ "predicate": { "custom_model_data": 7 }, "model": "adriftus:item/food/roll_mushroom_brown" },
	{ "predicate": { "custom_model_data": 8 }, "model": "adriftus:item/food/roll_veggie" }
  ]
}