{
	"__comment": "/give @s minecraft:sponge{CustomModelData:1}",
	"parent": "item/handheld",
	"textures": {
		"layer0": "block/enchanting_table"
	},
  "overrides": [
    { "predicate": { "custom_model_data": 0}, "model": "block/enchanting_table" },
    { "predicate": { "custom_model_data": 1}, "model": "adriftus:item/custom/soul_forge" },
    { "predicate": { "custom_model_data": 2}, "model": "adriftus:item/custom/crystal_sleep" },
    { "predicate": { "custom_model_data": 3}, "model": "adriftus:item/custom/crystal_yellow" },
    { "predicate": { "custom_model_data": 4}, "model": "adriftus:item/custom/crystal_red" },
    { "predicate": { "custom_model_data": 5}, "model": "adriftus:item/custom/crystal_blue" },
    { "predicate": { "custom_model_data": 6}, "model": "adriftus:item/custom/crystal_green" }
  ]
}
