{
    "parent": "minecraft:block/green_wool",
    "textures": {
        "layer0": "block/green_wool"
    },
	"overrides": [
		{ "predicate": { "custom_model_data": 10001001 }, "model": "adriftus:item/claims/add_member" },
		{ "predicate": { "custom_model_data": 10001002 }, "model": "adriftus:item/claims/auto_plant" },
		{ "predicate": { "custom_model_data": 10001003 }, "model": "adriftus:item/claims/block_break" },
		{ "predicate": { "custom_model_data": 10001004 }, "model": "adriftus:item/claims/block_place" },
		{ "predicate": { "custom_model_data": 10001005 }, "model": "adriftus:item/claims/darken_sky" },
		{ "predicate": { "custom_model_data": 10001006 }, "model": "adriftus:item/claims/farm" },
		{ "predicate": { "custom_model_data": 10001007 }, "model": "adriftus:item/claims/fly" },
		{ "predicate": { "custom_model_data": 10001008 }, "model": "adriftus:item/claims/fog" },
		{ "predicate": { "custom_model_data": 10001009 }, "model": "adriftus:item/claims/interact" },
		{ "predicate": { "custom_model_data": 10001010 }, "model": "adriftus:item/claims/kill_mobs" },
		{ "predicate": { "custom_model_data": 10001011 }, "model": "adriftus:item/claims/mob_spawn" },
		{ "predicate": { "custom_model_data": 10001012 }, "model": "adriftus:item/claims/recolor" },
		{ "predicate": { "custom_model_data": 10001013 }, "model": "adriftus:item/claims/rename" },
		{ "predicate": { "custom_model_data": 10001014 }, "model": "adriftus:item/claims/time" },
		{ "predicate": { "custom_model_data": 10001015 }, "model": "adriftus:item/claims/weather" },
		{ "predicate": { "custom_model_data": 10001016 }, "model": "adriftus:item/claims/weather_rain" },
		{ "predicate": { "custom_model_data": 10001017 }, "model": "adriftus:item/claims/weather_storm" },
		{ "predicate": { "custom_model_data": 10001018 }, "model": "adriftus:item/claims/weather_sun" }
	]
}
