{
    "parent": "item/generated",
    "textures": {
        "layer0": "item/rabbit_foot"
    },
	"overrides": [
		{ "predicate": { "custom_model_data": 10140001 }, "model": "adriftus:item/alchemy/burning_powder" },
		{ "predicate": { "custom_model_data": 10140002 }, "model": "adriftus:item/alchemy/crushed_allium" },
		{ "predicate": { "custom_model_data": 10140003 }, "model": "adriftus:item/alchemy/crushed_azure" },
		{ "predicate": { "custom_model_data": 10140004 }, "model": "adriftus:item/alchemy/crushed_orchid" },
		{ "predicate": { "custom_model_data": 10140005 }, "model": "adriftus:item/alchemy/crushed_dandelion" },
		{ "predicate": { "custom_model_data": 10140006 }, "model": "adriftus:item/alchemy/crushed_cornflower" },
		{ "predicate": { "custom_model_data": 10140007 }, "model": "adriftus:item/alchemy/crushed_lilly" },
		{ "predicate": { "custom_model_data": 10140008 }, "model": "adriftus:item/alchemy/crushed_daisy" },
		{ "predicate": { "custom_model_data": 10140009 }, "model": "adriftus:item/alchemy/crushed_poppy" },
		{ "predicate": { "custom_model_data": 10140010 }, "model": "adriftus:item/alchemy/crushed_tulip" },
		{ "predicate": { "custom_model_data": 10140011 }, "model": "adriftus:item/alchemy/crushed_wither" },
		{ "predicate": { "custom_model_data": 10140012 }, "model": "adriftus:item/alchemy/clover" },
		{ "predicate": { "custom_model_data": 10140013 }, "model": "adriftus:item/alchemy/shulker_essence" }
	]
}
