{
	"credit": "Made by Drew, optimized by eutherin",
	"parent": "stone",
	"texture_size": [128, 128],
	"textures": {
		"0": "adriftus:item/custom/end_texture",
		"1": "adriftus:item/custom/soul_forge",
		"particle": "entity/end_portal"
	},
	"elements": [
		{
			"from": [1.00177, 7.27277, 6],
			"to": [5.00177, 11.27277, 10],
			"rotation": {"angle": 22.5, "axis": "z", "origin": [2.10509, -3.34451, 2]},
			"faces": {
				"north": {"uv": [1.33333, 1.33333, 0, 2.66667], "texture": "#1"},
				"east": {"uv": [0, 0, 1.33333, 1.33333], "texture": "#1"},
				"south": {"uv": [2.66667, 1.33333, 1.33333, 2.66667], "texture": "#1"},
				"west": {"uv": [4, 1.33333, 2.66667, 2.66667], "texture": "#1"},
				"up": {"uv": [2.66667, 0, 1.33333, 1.33333], "texture": "#1"},
				"down": {"uv": [4, 0, 2.66667, 1.33333], "texture": "#1"}
			}
		},
		{
			"from": [-4.50804, 9.73788, 6.1],
			"to": [-0.80804, 14.73788, 9.9],
			"rotation": {"angle": 0, "axis": "z", "origin": [1.49196, -0.26212, 2]},
			"faces": {
				"north": {"uv": [5, 2.66667, 4, 4.33333], "texture": "#1"},
				"east": {"uv": [8, 2.66667, 7, 4.33333], "texture": "#1"},
				"south": {"uv": [6, 2.66667, 5, 4.33333], "texture": "#1"},
				"west": {"uv": [7, 2.66667, 6, 4.33333], "texture": "#1"},
				"up": {"uv": [6, 2.66667, 5, 4.33333], "texture": "#1"},
				"down": {"uv": [5, 2.66667, 4, 4.33333], "texture": "#1"}
			}
		},
		{
			"from": [-7.99129, 11.33803, 6.3],
			"to": [-4.59129, 16.33803, 9.7],
			"rotation": {"angle": -22.5, "axis": "z", "origin": [2.29643, 4.28221, 2.15]},
			"faces": {
				"north": {"uv": [5, 2.66667, 4, 4.33333], "texture": "#1"},
				"east": {"uv": [8, 2.66667, 7, 4.33333], "texture": "#1"},
				"south": {"uv": [6, 2.66667, 5, 4.33333], "texture": "#1"},
				"west": {"uv": [7, 2.66667, 6, 4.33333], "texture": "#1"},
				"up": {"uv": [6, 2.66667, 5, 4.33333], "texture": "#1"},
				"down": {"uv": [5, 2.66667, 4, 4.33333], "texture": "#1"}
			}
		},
		{
			"from": [-8.63848, 11.07982, 6.5],
			"to": [-5.63848, 16.07982, 9.5],
			"rotation": {"angle": -45, "axis": "z", "origin": [4.37523, 7.92296, 2]},
			"faces": {
				"north": {"uv": [5, 2.66667, 4, 4.33333], "texture": "#1"},
				"east": {"uv": [8, 2.66667, 7, 4.33333], "texture": "#1"},
				"south": {"uv": [6, 2.66667, 5, 4.33333], "texture": "#1"},
				"west": {"uv": [7, 2.66667, 6, 4.33333], "texture": "#1"},
				"up": {"uv": [6, 2.66667, 5, 4.33333], "texture": "#1"},
				"down": {"uv": [5, 2.66667, 4, 4.33333], "texture": "#1"}
			}
		},
		{
			"from": [6.24045, 21.88479, 6.7],
			"to": [11.24045, 24.58479, 9.3],
			"rotation": {"angle": 22.5, "axis": "z", "origin": [7.84377, 10.41751, 2]},
			"faces": {
				"north": {"uv": [7.83333, 1.33333, 6.83333, 2.33333], "texture": "#1"},
				"east": {"uv": [7, 1.33333, 6, 2.33333], "texture": "#1"},
				"south": {"uv": [6.33333, 1.66667, 8, 2.66667], "rotation": 90, "texture": "#1"},
				"west": {"uv": [7, 2.66667, 6, 4.33333], "texture": "#1"},
				"up": {"uv": [6, 1.5, 7.66667, 2.5], "texture": "#1"},
				"down": {"uv": [5.5, 1.5, 7.16667, 2.5], "texture": "#1"}
			}
		},
		{
			"from": [13.07273, 12.57202, 6],
			"to": [17.07273, 16.57202, 10],
			"shade": false,
			"rotation": {"angle": -22.5, "axis": "z", "origin": [1.7167, 3.99141, 2]},
			"faces": {
				"north": {"uv": [1.33333, 1.33333, 0, 2.66667], "texture": "#1"},
				"east": {"uv": [0, 0, 1.33333, 1.33333], "texture": "#1"},
				"south": {"uv": [2.66667, 1.33333, 1.33333, 2.66667], "texture": "#1"},
				"west": {"uv": [4, 1.33333, 2.66667, 2.66667], "texture": "#1"},
				"up": {"uv": [2.66667, 0, 1.33333, 1.33333], "texture": "#1"},
				"down": {"uv": [4, 0, 2.66667, 1.33333], "texture": "#1"}
			}
		},
		{
			"from": [17.01821, 9.73788, 6.1],
			"to": [20.71821, 14.73788, 9.9],
			"shade": false,
			"rotation": {"angle": 0, "axis": "z", "origin": [1.7167, 3.99141, 2]},
			"faces": {
				"north": {"uv": [5, 2.66667, 4, 4.33333], "texture": "#1"},
				"east": {"uv": [8, 2.66667, 7, 4.33333], "texture": "#1"},
				"south": {"uv": [6, 2.66667, 5, 4.33333], "texture": "#1"},
				"west": {"uv": [7, 2.66667, 6, 4.33333], "texture": "#1"},
				"up": {"uv": [6, 2.66667, 5, 4.33333], "texture": "#1"},
				"down": {"uv": [5, 2.66667, 4, 4.33333], "texture": "#1"}
			}
		},
		{
			"from": [19.9843, 6.64829, 6.3],
			"to": [23.3843, 11.64829, 9.7],
			"shade": false,
			"rotation": {"angle": 22.5, "axis": "z", "origin": [1.7167, 3.99141, 2]},
			"faces": {
				"north": {"uv": [5, 2.66667, 4, 4.33333], "texture": "#1"},
				"east": {"uv": [8, 2.66667, 7, 4.33333], "texture": "#1"},
				"south": {"uv": [6, 2.66667, 5, 4.33333], "texture": "#1"},
				"west": {"uv": [7, 2.66667, 6, 4.33333], "texture": "#1"},
				"up": {"uv": [6, 2.66667, 5, 4.33333], "texture": "#1"},
				"down": {"uv": [5, 2.66667, 4, 4.33333], "texture": "#1"}
			}
		},
		{
			"from": [21.66512, 2.77361, 6.5],
			"to": [24.66512, 7.77361, 9.5],
			"shade": false,
			"rotation": {"angle": 45, "axis": "z", "origin": [1.7167, 3.99141, 2]},
			"faces": {
				"north": {"uv": [5, 2.66667, 4, 4.33333], "texture": "#1"},
				"east": {"uv": [8, 2.66667, 7, 4.33333], "texture": "#1"},
				"south": {"uv": [6, 2.66667, 5, 4.33333], "texture": "#1"},
				"west": {"uv": [7, 2.66667, 6, 4.33333], "texture": "#1"},
				"up": {"uv": [6, 2.66667, 5, 4.33333], "texture": "#1"},
				"down": {"uv": [5, 2.66667, 4, 4.33333], "texture": "#1"}
			}
		},
		{
			"from": [2.00438, 23.94037, 6.7],
			"to": [7.00438, 26.64037, 9.3],
			"shade": false,
			"rotation": {"angle": -22.5, "axis": "z", "origin": [1.7167, 3.99141, 2]},
			"faces": {
				"north": {"uv": [7.83333, 1.33333, 6.83333, 2.33333], "texture": "#1"},
				"east": {"uv": [8, 2.66667, 7, 4.33333], "texture": "#1"},
				"south": {"uv": [4, 1.5, 5.66667, 2.5], "rotation": 90, "texture": "#1"},
				"west": {"uv": [6.66667, 1.66667, 5.66667, 2.66667], "texture": "#1"},
				"up": {"uv": [5.5, 1.5, 7.16667, 2.5], "texture": "#1"},
				"down": {"uv": [5.5, 1.5, 7.16667, 2.5], "texture": "#1"}
			}
		},
		{
			"from": [6.10509, 7.27277, 0.89668],
			"to": [10.10509, 11.27277, 4.89668],
			"shade": false,
			"rotation": {"angle": -22.5, "axis": "x", "origin": [15.10509, -3.34451, 2]},
			"faces": {
				"north": {"uv": [1.33333, 1.33333, 0, 2.66667], "texture": "#1"},
				"east": {"uv": [0, 0, 1.33333, 1.33333], "texture": "#1"},
				"south": {"uv": [2.66667, 1.33333, 1.33333, 2.66667], "texture": "#1"},
				"west": {"uv": [4, 1.33333, 2.66667, 2.66667], "texture": "#1"},
				"up": {"uv": [2.66667, 0, 1.33333, 1.33333], "texture": "#1"},
				"down": {"uv": [4, 0, 2.66667, 1.33333], "texture": "#1"}
			}
		},
		{
			"from": [6.20509, 9.73788, -4.61313],
			"to": [10.00509, 14.73788, -0.91313],
			"shade": false,
			"rotation": {"angle": 0, "axis": "y", "origin": [16.20509, -0.76212, 1.23687]},
			"faces": {
				"north": {"uv": [5, 2.66667, 4, 4.33333], "texture": "#1"},
				"east": {"uv": [8, 2.66667, 7, 4.33333], "texture": "#1"},
				"south": {"uv": [6, 2.66667, 5, 4.33333], "texture": "#1"},
				"west": {"uv": [7, 2.66667, 6, 4.33333], "texture": "#1"},
				"up": {"uv": [6, 2.66667, 5, 4.33333], "texture": "#1"},
				"down": {"uv": [5, 2.66667, 4, 4.33333], "texture": "#1"}
			}
		},
		{
			"from": [6.40509, 11.37672, -8.45622],
			"to": [9.80509, 16.37672, -5.05622],
			"shade": false,
			"rotation": {"angle": 22.5, "axis": "x", "origin": [15.40509, 3.39702, 1.91418]},
			"faces": {
				"north": {"uv": [5, 2.66667, 4, 4.33333], "texture": "#1"},
				"east": {"uv": [8, 2.66667, 7, 4.33333], "texture": "#1"},
				"south": {"uv": [6, 2.66667, 5, 4.33333], "texture": "#1"},
				"west": {"uv": [7, 2.66667, 6, 4.33333], "texture": "#1"},
				"up": {"uv": [6, 2.66667, 5, 4.33333], "texture": "#1"},
				"down": {"uv": [5, 2.66667, 4, 4.33333], "texture": "#1"}
			}
		},
		{
			"from": [6.60509, 12.63545, -9.27078],
			"to": [9.60509, 17.63545, -6.27078],
			"shade": false,
			"rotation": {"angle": 45, "axis": "x", "origin": [15.30509, 8.06438, 2.12872]},
			"faces": {
				"north": {"uv": [5, 2.66667, 4, 4.33333], "texture": "#1"},
				"east": {"uv": [8, 2.66667, 7, 4.33333], "texture": "#1"},
				"south": {"uv": [6, 2.66667, 5, 4.33333], "texture": "#1"},
				"west": {"uv": [7, 2.66667, 6, 4.33333], "texture": "#1"},
				"up": {"uv": [6, 2.66667, 5, 4.33333], "texture": "#1"},
				"down": {"uv": [5, 2.66667, 4, 4.33333], "texture": "#1"}
			}
		},
		{
			"from": [6.80509, 21.48689, 5.98271],
			"to": [9.40509, 24.18689, 10.98271],
			"rotation": {"angle": -22.5, "axis": "x", "origin": [15.30509, 10.60228, 6.66215]},
			"faces": {
				"north": {"uv": [7.83333, 1.33333, 6.83333, 2.33333], "texture": "#1"},
				"east": {"uv": [4.66667, 1.5, 6.33333, 2.5], "rotation": 90, "texture": "#1"},
				"south": {"uv": [6, 1.33333, 5, 2.33333], "texture": "#1"},
				"west": {"uv": [5.33333, 1.33333, 7, 2.33333], "rotation": 90, "texture": "#1"},
				"up": {"uv": [6, 1.5, 7.66667, 2.5], "rotation": 90, "texture": "#1"},
				"down": {"uv": [5.5, 1.5, 7.16667, 2.5], "rotation": 90, "texture": "#1"}
			}
		},
		{
			"from": [6.10509, 7.27277, 11.10332],
			"to": [10.10509, 11.27277, 15.10332],
			"shade": false,
			"rotation": {"angle": 22.5, "axis": "x", "origin": [15.10509, -3.34451, 14]},
			"faces": {
				"north": {"uv": [1.33333, 1.33333, 0, 2.66667], "texture": "#1"},
				"east": {"uv": [0, 0, 1.33333, 1.33333], "texture": "#1"},
				"south": {"uv": [2.66667, 1.33333, 1.33333, 2.66667], "texture": "#1"},
				"west": {"uv": [4, 1.33333, 2.66667, 2.66667], "texture": "#1"},
				"up": {"uv": [2.66667, 0, 1.33333, 1.33333], "texture": "#1"},
				"down": {"uv": [4, 0, 2.66667, 1.33333], "texture": "#1"}
			}
		},
		{
			"from": [6.20509, 9.73788, 16.91313],
			"to": [10.00509, 14.73788, 20.61313],
			"shade": false,
			"rotation": {"angle": 0, "axis": "y", "origin": [16.20509, -0.76212, 14.76313]},
			"faces": {
				"north": {"uv": [5, 2.66667, 4, 4.33333], "texture": "#1"},
				"east": {"uv": [8, 2.66667, 7, 4.33333], "texture": "#1"},
				"south": {"uv": [6, 2.66667, 5, 4.33333], "texture": "#1"},
				"west": {"uv": [7, 2.66667, 6, 4.33333], "texture": "#1"},
				"up": {"uv": [6, 2.66667, 5, 4.33333], "texture": "#1"},
				"down": {"uv": [5, 2.66667, 4, 4.33333], "texture": "#1"}
			}
		},
		{
			"from": [6.40509, 11.37672, 21.05622],
			"to": [9.80509, 16.37672, 24.45622],
			"shade": false,
			"rotation": {"angle": -22.5, "axis": "x", "origin": [15.40509, 3.39702, 14.08582]},
			"faces": {
				"north": {"uv": [5, 2.66667, 4, 4.33333], "texture": "#1"},
				"east": {"uv": [8, 2.66667, 7, 4.33333], "texture": "#1"},
				"south": {"uv": [6, 2.66667, 5, 4.33333], "texture": "#1"},
				"west": {"uv": [7, 2.66667, 6, 4.33333], "texture": "#1"},
				"up": {"uv": [6, 2.66667, 5, 4.33333], "texture": "#1"},
				"down": {"uv": [5, 2.66667, 4, 4.33333], "texture": "#1"}
			}
		},
		{
			"from": [6.60509, 12.63545, 22.27078],
			"to": [9.60509, 17.63545, 25.27078],
			"shade": false,
			"rotation": {"angle": -45, "axis": "x", "origin": [15.30509, 8.06438, 13.87128]},
			"faces": {
				"north": {"uv": [5, 2.66667, 4, 4.33333], "texture": "#1"},
				"east": {"uv": [8, 2.66667, 7, 4.33333], "texture": "#1"},
				"south": {"uv": [6, 2.66667, 5, 4.33333], "texture": "#1"},
				"west": {"uv": [7, 2.66667, 6, 4.33333], "texture": "#1"},
				"up": {"uv": [6, 2.66667, 5, 4.33333], "texture": "#1"},
				"down": {"uv": [5, 2.66667, 4, 4.33333], "texture": "#1"}
			}
		},
		{
			"from": [6.80509, 21.48689, 5.01729],
			"to": [9.40509, 24.18689, 10.01729],
			"rotation": {"angle": 22.5, "axis": "x", "origin": [15.30509, 10.60228, 9.33785]},
			"faces": {
				"north": {"uv": [7.83333, 1.33333, 6.83333, 2.33333], "texture": "#1"},
				"east": {"uv": [4.83333, 1.66667, 6.5, 2.66667], "rotation": 90, "texture": "#1"},
				"south": {"uv": [6, 2.66667, 5, 4.33333], "texture": "#1"},
				"west": {"uv": [5, 1.5, 6.66667, 2.5], "rotation": 90, "texture": "#1"},
				"up": {"uv": [4.16667, 1.33333, 5.83333, 2.33333], "rotation": 90, "texture": "#1"},
				"down": {"uv": [5.5, 1.5, 7.16667, 2.5], "rotation": 90, "texture": "#1"}
			}
		},
		{
			"from": [-3, 1, -2],
			"to": [1, 8, 18],
			"faces": {
				"north": {"uv": [0, 5.66667, 1.33333, 8], "texture": "#1"},
				"east": {"uv": [3.5, 6.5, 6, 7.375], "texture": "#1"},
				"south": {"uv": [0, 5.66667, 1.33333, 8], "texture": "#1"},
				"west": {"uv": [1.33333, 5.66667, 8, 8], "texture": "#1"},
				"up": {"uv": [8, 5.66667, 1.33333, 4.33333], "rotation": 90, "texture": "#1"},
				"down": {"uv": [7, 4, 6.5, 6.5], "texture": "#1"}
			}
		},
		{
			"from": [-2, 1, 15],
			"to": [18, 8, 19],
			"faces": {
				"north": {"uv": [7.5, 5, 10, 5.875], "texture": "#1"},
				"east": {"uv": [0, 5.66667, 1.33333, 8], "texture": "#1"},
				"south": {"uv": [1.33333, 5.66667, 8, 8], "texture": "#1"},
				"west": {"uv": [0, 5.66667, 1.33333, 8], "texture": "#1"},
				"up": {"uv": [8, 5.66667, 1.33333, 4.33333], "texture": "#1"},
				"down": {"uv": [12.5, 4.5, 10, 5], "texture": "#1"}
			}
		},
		{
			"from": [-2, 1, -3],
			"to": [18, 8, 1],
			"faces": {
				"north": {"uv": [1.33333, 5.66667, 8, 8], "texture": "#1"},
				"east": {"uv": [0, 5.66667, 1.33333, 8], "texture": "#1"},
				"south": {"uv": [10.5, 3.625, 13, 4.5], "texture": "#1"},
				"west": {"uv": [0, 5.66667, 1.33333, 8], "texture": "#1"},
				"up": {"uv": [8, 5.66667, 1.33333, 4.33333], "texture": "#1"},
				"down": {"uv": [12.5, 3.125, 10, 3.625], "texture": "#1"}
			}
		},
		{
			"from": [15, 1, -2],
			"to": [19, 8, 18],
			"faces": {
				"north": {"uv": [0, 5.66667, 1.33333, 8], "texture": "#1"},
				"east": {"uv": [1.33333, 5.66667, 8, 8], "texture": "#1"},
				"south": {"uv": [0, 5.66667, 1.33333, 8], "texture": "#1"},
				"west": {"uv": [3, 5.625, 5.5, 6.5], "texture": "#1"},
				"up": {"uv": [8, 5.66667, 1.33333, 4.33333], "rotation": 90, "texture": "#1"},
				"down": {"uv": [3.5, 3.125, 3, 5.625], "texture": "#1"}
			}
		},
		{
			"from": [-4, 0, -4],
			"to": [20, 1, 20],
			"faces": {
				"north": {"uv": [0, 8.33333, 8, 8.66667], "texture": "#1"},
				"east": {"uv": [0, 8, 8, 8.33333], "texture": "#1"},
				"south": {"uv": [8, 8.33333, 16, 8.66667], "texture": "#1"},
				"west": {"uv": [8, 8, 16, 8.33333], "texture": "#1"},
				"up": {"uv": [16, 8, 8, 0], "texture": "#1"},
				"down": {"uv": [16, 8, 8, 0], "texture": "#1"}
			}
		},
		{
			"from": [15, 8, -2],
			"to": [18, 9, 1],
			"faces": {
				"north": {"uv": [7, 1.16667, 8, 1.33333], "texture": "#1"},
				"east": {"uv": [4, 1.16667, 5, 1.33333], "texture": "#1"},
				"south": {"uv": [6, 1.16667, 7, 1.33333], "texture": "#1"},
				"west": {"uv": [5, 1.16667, 6, 1.33333], "texture": "#1"},
				"up": {"uv": [6, 1, 5, 0], "texture": "#1"},
				"down": {"uv": [6, 0, 5, 1], "texture": "#1"}
			}
		},
		{
			"from": [15, 8, 15],
			"to": [18, 9, 18],
			"faces": {
				"north": {"uv": [7, 1.16667, 8, 1.33333], "texture": "#1"},
				"east": {"uv": [4, 1.16667, 5, 1.33333], "texture": "#1"},
				"south": {"uv": [6, 1.16667, 7, 1.33333], "texture": "#1"},
				"west": {"uv": [5, 1.16667, 6, 1.33333], "texture": "#1"},
				"up": {"uv": [6, 1, 5, 0], "texture": "#1"},
				"down": {"uv": [6, 0, 5, 1], "texture": "#1"}
			}
		},
		{
			"from": [-2, 8, -2],
			"to": [1, 9, 1],
			"faces": {
				"north": {"uv": [7, 1.16667, 8, 1.33333], "texture": "#1"},
				"east": {"uv": [4, 1.16667, 5, 1.33333], "texture": "#1"},
				"south": {"uv": [6, 1.16667, 7, 1.33333], "texture": "#1"},
				"west": {"uv": [5, 1.16667, 6, 1.33333], "texture": "#1"},
				"up": {"uv": [6, 1, 5, 0], "texture": "#1"},
				"down": {"uv": [6, 0, 5, 1], "texture": "#1"}
			}
		},
		{
			"from": [-2, 8, 15],
			"to": [1, 9, 18],
			"faces": {
				"north": {"uv": [7, 1.16667, 8, 1.33333], "texture": "#1"},
				"east": {"uv": [4, 1.16667, 5, 1.33333], "texture": "#1"},
				"south": {"uv": [6, 1.16667, 7, 1.33333], "texture": "#1"},
				"west": {"uv": [5, 1.16667, 6, 1.33333], "texture": "#1"},
				"up": {"uv": [6, 1, 5, 0], "texture": "#1"},
				"down": {"uv": [6, 0, 5, 1], "texture": "#1"}
			}
		},
		{
			"name": "inside",
			"from": [-1, 1, -1],
			"to": [17, 7, 17],
			"faces": {
				"north": {"uv": [2.25, 2.25, 4.5, 3], "texture": "#missing"},
				"east": {"uv": [0, 2.25, 2.25, 3], "texture": "#missing"},
				"south": {"uv": [6.75, 2.25, 9, 3], "texture": "#missing"},
				"west": {"uv": [4.5, 2.25, 6.75, 3], "texture": "#missing"},
				"up": {"uv": [4.5, 17.5, 17.5, 0], "texture": "#0"},
				"down": {"uv": [6.75, 0, 4.5, 2.25], "texture": "#missing"}
			}
		}
	],
	"display": {
		"thirdperson_righthand": {
			"rotation": [12, 22, 2],
			"translation": [0.5, 1, 0],
			"scale": [0.4, 0.4, 0.4]
		},
		"thirdperson_lefthand": {
			"rotation": [12, 22, 2],
			"translation": [0.5, 1, 0],
			"scale": [0.4, 0.4, 0.4]
		},
		"firstperson_righthand": {
			"rotation": [0, 10, 5],
			"translation": [0, 1, 0],
			"scale": [0.4, 0.4, 0.4]
		},
		"firstperson_lefthand": {
			"rotation": [0, 10, 5],
			"translation": [0, 1, 0],
			"scale": [0.4, 0.4, 0.4]
		},
		"ground": {
			"scale": [0.4, 0.4, 0.4]
		},
		"head": {
			"translation": [0, 1, 0],
			"scale": [4, 4, 4]
		}
	},
	"groups": [
		{
			"name": "spikes",
			"origin": [8, 8, 8],
			"children": [0, 1, 2, 3, 4]
		},
		{
			"name": "spikes",
			"origin": [8, 8, 8],
			"children": [5, 6, 7, 8, 9]
		},
		{
			"name": "spikes",
			"origin": [8, 8, 8],
			"children": [10, 11, 12, 13, 14]
		},
		{
			"name": "spikes",
			"origin": [8, 8, 8],
			"children": [15, 16, 17, 18, 19]
		},
		{
			"name": "housing",
			"origin": [8, 8, 8],
			"children": [20, 21, 22, 23, 24]
		},
		{
			"name": "bolts",
			"origin": [8, 8, 8],
			"children": [25, 26, 27, 28]
		},
		{
			"name": "inside",
			"origin": [8, 8, 8],
			"children": [29]
		}
	]
}
