{
	"credit": "Made by AdrfitusDrew, optimized by Eutherin",
	"parent": "crystal",
	"texture_size": [512, 512],
	"textures": {
		"2": "adriftus:item/custom/crystal_base",
		"particle": "adriftus:item/custom/crystal_color"
	},
	"elements": [
		{
			"from": [-10.93986, 12.02256, 6],
			"to": [-9.93986, 15.52256, 10],
			"rotation": {"angle": -45, "axis": "z", "origin": [8, 2.23956, 7.93771]},
			"faces": {
				"north": {"uv": [1.125, 0.875, 1.25, 1.25], "texture": "#2"},
				"east": {"uv": [0.625, 0.875, 1.125, 1.25], "texture": "#2"},
				"south": {"uv": [1.125, 0.875, 1.25, 1.25], "texture": "#2"},
				"west": {"uv": [1.25, 0.875, 1.75, 1.25], "texture": "#2"},
				"up": {"uv": [2.25, 0.625, 1.75, 0.5], "rotation": 270, "texture": "#2"},
				"down": {"uv": [6.25, 4.875, 6.125, 5.375], "texture": "#2"}
			}
		},
		{
			"from": [-5.75435, 12.52585, 5.75],
			"to": [-4.75435, 18.52585, 10.25],
			"rotation": {"angle": -22.5, "axis": "z", "origin": [8, 2.23956, 7.93771]},
			"faces": {
				"north": {"uv": [0, 0.75, 0.75, 0.875], "rotation": 270, "texture": "#2"},
				"east": {"uv": [2.5, 1.5, 3, 2.25], "texture": "#2"},
				"south": {"uv": [0, 0.75, 0.75, 0.875], "rotation": 270, "texture": "#2"},
				"west": {"uv": [3, 1.5, 3.5, 2.25], "texture": "#2"},
				"up": {"uv": [2, 0.75, 2.5, 0.875], "rotation": 90, "texture": "#2"},
				"down": {"uv": [3.75, 3.625, 3.625, 4.125], "texture": "#2"}
			}
		},
		{
			"from": [-0.77097, 14.00641, 5.5],
			"to": [0.22903, 17.00641, 10.5],
			"rotation": {"angle": 0, "axis": "z", "origin": [8, 2.23956, 7.93771]},
			"faces": {
				"north": {"uv": [1.75, 0.125, 1.875, 0.5], "texture": "#2"},
				"east": {"uv": [0, 0, 0.625, 0.375], "texture": "#2"},
				"south": {"uv": [1.75, 0.125, 1.875, 0.5], "texture": "#2"},
				"west": {"uv": [0, 0, 0.625, 0.375], "texture": "#2"},
				"up": {"uv": [2.375, 1, 1.75, 0.875], "rotation": 90, "texture": "#2"},
				"down": {"uv": [2.375, 1, 1.75, 0.875], "rotation": 90, "texture": "#2"}
			}
		},
		{
			"from": [4.39966, 8.46722, 5.75],
			"to": [5.39966, 16.46722, 10.25],
			"rotation": {"angle": 22.5, "axis": "z", "origin": [8, 2.23956, 7.93771]},
			"faces": {
				"north": {"uv": [0.5, 1.375, 0.625, 2.375], "texture": "#2"},
				"east": {"uv": [0, 1.375, 0.5, 2.375], "texture": "#2"},
				"south": {"uv": [0.5, 1.375, 0.625, 2.375], "texture": "#2"},
				"west": {"uv": [0.625, 1.375, 1.125, 2.375], "texture": "#2"},
				"up": {"uv": [0.625, 2.625, 0.5, 2.125], "texture": "#2"},
				"down": {"uv": [2, 0.75, 2.5, 0.875], "texture": "#2"}
			}
		},
		{
			"from": [7.05694, 3.37096, 6],
			"to": [8.05694, 9.37096, 10],
			"rotation": {"angle": 45, "axis": "z", "origin": [8, 2.23956, 7.93771]},
			"faces": {
				"north": {"uv": [0, 0.75, 0.75, 0.875], "rotation": 90, "texture": "#2"},
				"east": {"uv": [3, 1.5, 3.5, 2.25], "texture": "#2"},
				"south": {"uv": [1.25, 0.75, 2, 0.875], "rotation": 90, "texture": "#2"},
				"west": {"uv": [2.5, 1.5, 3, 2.25], "texture": "#2"},
				"up": {"uv": [3.625, 4.125, 3.5, 3.625], "texture": "#2"},
				"down": {"uv": [3.75, 3.625, 3.625, 4.125], "texture": "#2"}
			}
		},
		{
			"from": [6, 1.25646, 0.76626],
			"to": [10, 2.25646, 6.76626],
			"rotation": {"angle": 45, "axis": "x", "origin": [8, 2.23956, 7.93771]},
			"faces": {
				"north": {"uv": [0.75, 0.75, 1.25, 0.875], "texture": "#2"},
				"east": {"uv": [0, 0.75, 0.75, 0.875], "texture": "#2"},
				"south": {"uv": [2, 0.75, 2.5, 0.875], "texture": "#2"},
				"west": {"uv": [1.25, 0.75, 2, 0.875], "texture": "#2"},
				"up": {"uv": [1.75, 0.75, 1.25, 0], "texture": "#2"},
				"down": {"uv": [1.25, 0, 0.75, 0.75], "texture": "#2"}
			}
		},
		{
			"from": [5.75, 8.48889, 4.28505],
			"to": [10.25, 16.48889, 5.28505],
			"rotation": {"angle": -22.5, "axis": "x", "origin": [8, 2.23956, 7.93771]},
			"faces": {
				"north": {"uv": [2.5, 2.25, 3, 3.25], "texture": "#2"},
				"east": {"uv": [0.5, 1.375, 0.625, 2.375], "texture": "#2"},
				"south": {"uv": [3, 2.25, 3.5, 3.25], "texture": "#2"},
				"west": {"uv": [0.5, 1.375, 0.625, 2.375], "texture": "#2"},
				"up": {"uv": [3.375, 5, 2.875, 4.875], "texture": "#2"},
				"down": {"uv": [2, 0.75, 2.5, 0.875], "texture": "#2"}
			}
		},
		{
			"from": [5.5, 14.00641, -0.88989],
			"to": [10.5, 17.00641, 0.11011],
			"rotation": {"angle": 0, "axis": "x", "origin": [8, 2.23956, 7.93771]},
			"faces": {
				"north": {"uv": [1.875, 0.125, 2.5, 0.5], "texture": "#2"},
				"east": {"uv": [1.75, 0.125, 1.875, 0.5], "texture": "#2"},
				"south": {"uv": [1.875, 0.125, 2.5, 0.5], "texture": "#2"},
				"west": {"uv": [1.75, 0.125, 1.875, 0.5], "texture": "#2"},
				"up": {"uv": [2.375, 1, 1.75, 0.875], "rotation": 90, "texture": "#2"},
				"down": {"uv": [2.375, 1, 1.75, 0.875], "rotation": 90, "texture": "#2"}
			}
		},
		{
			"from": [5.75, 12.50418, -5.86896],
			"to": [10.25, 18.50418, -4.86896],
			"rotation": {"angle": 22.5, "axis": "x", "origin": [8, 2.23956, 7.93771]},
			"faces": {
				"north": {"uv": [0, 2.375, 0.5, 3.125], "texture": "#2"},
				"east": {"uv": [0, 0.75, 0.75, 0.875], "rotation": 270, "texture": "#2"},
				"south": {"uv": [0.5, 2.375, 1, 3.125], "texture": "#2"},
				"west": {"uv": [0, 0.75, 0.75, 0.875], "rotation": 270, "texture": "#2"},
				"up": {"uv": [2, 0.75, 2.5, 0.875], "texture": "#2"},
				"down": {"uv": [3.625, 6, 3.125, 6.125], "texture": "#2"}
			}
		},
		{
			"from": [6, 11.98252, -11.04219],
			"to": [10, 15.48252, -10.04219],
			"rotation": {"angle": 45, "axis": "x", "origin": [8, 2.23956, 7.93771]},
			"faces": {
				"north": {"uv": [2.5, 3.25, 3, 3.625], "texture": "#2"},
				"east": {"uv": [1.125, 0.875, 1.25, 1.25], "texture": "#2"},
				"south": {"uv": [3, 3.25, 3.5, 3.625], "texture": "#2"},
				"west": {"uv": [1.125, 0.875, 1.25, 1.25], "texture": "#2"},
				"up": {"uv": [0.75, 0.5, 0.625, 0], "rotation": 270, "texture": "#2"},
				"down": {"uv": [2.625, 6.875, 2.125, 7], "texture": "#2"}
			}
		},
		{
			"from": [7.94306, 3.37096, 6],
			"to": [8.94306, 9.37096, 10],
			"rotation": {"angle": -45, "axis": "z", "origin": [8, 2.23956, 7.93771]},
			"faces": {
				"north": {"uv": [1.25, 0.75, 2, 0.875], "rotation": 90, "texture": "#2"},
				"east": {"uv": [2.5, 0.75, 3, 1.5], "texture": "#2"},
				"south": {"uv": [0, 0.75, 0.75, 0.875], "rotation": 90, "texture": "#2"},
				"west": {"uv": [3, 0.75, 3.5, 1.5], "texture": "#2"},
				"up": {"uv": [4.875, 4.125, 4.75, 3.625], "texture": "#2"},
				"down": {"uv": [2, 0.75, 2.5, 0.875], "rotation": 90, "texture": "#2"}
			}
		},
		{
			"from": [10.60034, 8.46722, 5.75],
			"to": [11.60034, 16.46722, 10.25],
			"rotation": {"angle": -22.5, "axis": "z", "origin": [8, 2.23956, 7.93771]},
			"faces": {
				"north": {"uv": [0.5, 1.375, 0.625, 2.375], "texture": "#2"},
				"east": {"uv": [1.125, 1.375, 1.625, 2.375], "texture": "#2"},
				"south": {"uv": [0.5, 1.375, 0.625, 2.375], "texture": "#2"},
				"west": {"uv": [1.625, 1.375, 2.125, 2.375], "texture": "#2"},
				"up": {"uv": [1.875, 2.625, 1.75, 2.125], "texture": "#2"},
				"down": {"uv": [0.625, 0.875, 0.5, 1.375], "texture": "#2"}
			}
		},
		{
			"from": [15.77097, 14.00641, 5.5],
			"to": [16.77097, 17.00641, 10.5],
			"rotation": {"angle": 0, "axis": "z", "origin": [8, 2.23956, 7.93771]},
			"faces": {
				"north": {"uv": [1.75, 0.125, 1.875, 0.5], "texture": "#2"},
				"east": {"uv": [1.875, 0.125, 2.5, 0.5], "texture": "#2"},
				"south": {"uv": [1.75, 0.125, 1.875, 0.5], "texture": "#2"},
				"west": {"uv": [1.875, 0.125, 2.5, 0.5], "texture": "#2"},
				"up": {"uv": [2.375, 1, 1.75, 0.875], "rotation": 90, "texture": "#2"},
				"down": {"uv": [2.375, 1, 1.75, 0.875], "rotation": 90, "texture": "#2"}
			}
		},
		{
			"from": [20.75435, 12.52585, 5.75],
			"to": [21.75435, 18.52585, 10.25],
			"rotation": {"angle": 22.5, "axis": "z", "origin": [8, 2.23956, 7.93771]},
			"faces": {
				"north": {"uv": [0, 0.75, 0.75, 0.875], "rotation": 270, "texture": "#2"},
				"east": {"uv": [2.5, 0.71875, 3, 1.46875], "texture": "#2"},
				"south": {"uv": [0, 0.75, 0.75, 0.875], "rotation": 270, "texture": "#2"},
				"west": {"uv": [3, 0.75, 3.5, 1.5], "texture": "#2"},
				"up": {"uv": [2, 0.75, 2.5, 0.875], "rotation": 90, "texture": "#2"},
				"down": {"uv": [5, 3.625, 4.875, 4.125], "texture": "#2"}
			}
		},
		{
			"from": [25.93986, 12.02256, 6],
			"to": [26.93986, 15.52256, 10],
			"rotation": {"angle": 45, "axis": "z", "origin": [8, 2.23956, 7.93771]},
			"faces": {
				"north": {"uv": [1.125, 0.875, 1.25, 1.25], "texture": "#2"},
				"east": {"uv": [0.625, 0.875, 1.125, 1.25], "texture": "#2"},
				"south": {"uv": [1.125, 0.875, 1.25, 1.25], "texture": "#2"},
				"west": {"uv": [1.25, 0.875, 1.75, 1.25], "texture": "#2"},
				"up": {"uv": [2.25, 0.625, 1.75, 0.5], "rotation": 90, "texture": "#2"},
				"down": {"uv": [0.75, 6, 0.625, 6.5], "texture": "#2"}
			}
		},
		{
			"from": [6, 1.33654, 9.02907],
			"to": [10, 2.33654, 15.02907],
			"rotation": {"angle": -45, "axis": "x", "origin": [8, 2.23956, 7.93771]},
			"faces": {
				"north": {"uv": [2, 0.75, 2.5, 0.875], "texture": "#2"},
				"east": {"uv": [1.25, 0.75, 2, 0.875], "texture": "#2"},
				"south": {"uv": [4.5, 2, 5, 2.125], "texture": "#2"},
				"west": {"uv": [0, 0.75, 0.75, 0.875], "texture": "#2"},
				"up": {"uv": [3, 0, 2.5, 0.75], "texture": "#2"},
				"down": {"uv": [3.5, 0, 3, 0.75], "texture": "#2"}
			}
		},
		{
			"from": [5.75, 8.44555, 10.48573],
			"to": [10.25, 16.44555, 11.48573],
			"rotation": {"angle": 22.5, "axis": "x", "origin": [8, 2.23956, 7.93771]},
			"faces": {
				"north": {"uv": [0, 3.125, 1, 3.625], "rotation": 90, "texture": "#2"},
				"east": {"uv": [0.5, 1.375, 0.625, 2.375], "texture": "#2"},
				"south": {"uv": [2, 2.375, 2.5, 3.375], "texture": "#2"},
				"west": {"uv": [0.5, 1.375, 0.625, 2.375], "texture": "#2"},
				"up": {"uv": [2.125, 5, 1.625, 4.875], "texture": "#2"},
				"down": {"uv": [2, 0.75, 2.5, 0.875], "texture": "#2"}
			}
		},
		{
			"from": [5.5, 14.00641, 15.65205],
			"to": [10.5, 17.00641, 16.65205],
			"rotation": {"angle": 0, "axis": "x", "origin": [8, 2.23956, 7.93771]},
			"faces": {
				"north": {"uv": [0, 0.375, 0.625, 0.75], "texture": "#2"},
				"east": {"uv": [1.75, 0.125, 1.875, 0.5], "texture": "#2"},
				"south": {"uv": [1, 3.125, 1.625, 3.5], "texture": "#2"},
				"west": {"uv": [1.75, 0.125, 1.875, 0.5], "texture": "#2"},
				"up": {"uv": [2.375, 1, 1.75, 0.875], "rotation": 90, "texture": "#2"},
				"down": {"uv": [2.375, 1, 1.75, 0.875], "rotation": 90, "texture": "#2"}
			}
		},
		{
			"from": [5.75, 12.54752, 20.63974],
			"to": [10.25, 18.54752, 21.63974],
			"rotation": {"angle": -22.5, "axis": "x", "origin": [8, 2.23956, 7.93771]},
			"faces": {
				"north": {"uv": [1, 2.375, 1.5, 3.125], "texture": "#2"},
				"east": {"uv": [0, 0.75, 0.75, 0.875], "rotation": 270, "texture": "#2"},
				"south": {"uv": [1.5, 2.375, 2, 3.125], "texture": "#2"},
				"west": {"uv": [0, 0.75, 0.75, 0.875], "rotation": 270, "texture": "#2"},
				"up": {"uv": [2, 0.75, 2.5, 0.875], "texture": "#2"},
				"down": {"uv": [2.375, 6, 1.875, 6.125], "texture": "#2"}
			}
		},
		{
			"from": [6, 12.06261, 25.83752],
			"to": [10, 15.56261, 26.83752],
			"rotation": {"angle": -45, "axis": "x", "origin": [8, 2.23956, 7.93771]},
			"faces": {
				"north": {"uv": [2, 3.375, 2.5, 3.75], "texture": "#2"},
				"east": {"uv": [1.125, 0.875, 1.25, 1.25], "texture": "#2"},
				"south": {"uv": [1.625, 3.125, 2, 3.625], "rotation": 270, "texture": "#2"},
				"west": {"uv": [1.125, 0.875, 1.25, 1.25], "texture": "#2"},
				"up": {"uv": [0.75, 0.5, 0.625, 0], "rotation": 270, "texture": "#2"},
				"down": {"uv": [3.875, 6.875, 3.375, 7], "texture": "#2"}
			}
		},
		{
			"from": [7.05663, 8.02457, 10.43771],
			"to": [9.05663, 12.27457, 12.43771],
			"rotation": {"angle": -22.5, "axis": "x", "origin": [8, 2.48956, 11.43771]},
			"faces": {
				"north": {"uv": [1.25, 3.25, 1.5, 3.75], "texture": "#1"},
				"east": {"uv": [1, 3.25, 1.25, 3.75], "texture": "#1"},
				"south": {"uv": [1.75, 3.25, 2, 3.75], "texture": "#1"},
				"west": {"uv": [1.5, 3.25, 1.75, 3.75], "texture": "#1"},
				"up": {"uv": [1.5, 3, 1.25, 3.25], "texture": "#1"},
				"down": {"uv": [1.75, 3, 1.5, 3.25], "texture": "#1"}
			}
		},
		{
			"from": [4, 17.77457, 3.88108],
			"to": [12, 19.77457, 11.88108],
			"rotation": {"angle": -22.5, "axis": "y", "origin": [8, 9.98956, 7.93771]},
			"faces": {
				"north": {"uv": [1, 1, 2, 1.25], "texture": "#1"},
				"east": {"uv": [0, 1, 1, 1.25], "texture": "#1"},
				"south": {"uv": [2.25, 2.25, 3.25, 2.5], "texture": "#1"},
				"west": {"uv": [2, 1, 3, 1.25], "texture": "#1"},
				"up": {"uv": [2, 1, 1, 0], "texture": "#1"},
				"down": {"uv": [3, 0, 2, 1], "texture": "#1"}
			}
		},
		{
			"from": [5, 19.77457, 4.88108],
			"to": [11, 20.77457, 10.88108],
			"rotation": {"angle": -45, "axis": "y", "origin": [8, 12.23956, 7.93771]},
			"faces": {
				"north": {"uv": [0.75, 2, 1.5, 2.125], "texture": "#1"},
				"east": {"uv": [0, 2, 0.75, 2.125], "texture": "#1"},
				"south": {"uv": [2.25, 2, 3, 2.125], "texture": "#1"},
				"west": {"uv": [1.5, 2, 2.25, 2.125], "texture": "#1"},
				"up": {"uv": [1.5, 2, 0.75, 1.25], "texture": "#1"},
				"down": {"uv": [2.25, 2, 1.5, 1.25], "texture": "#1"}
			}
		},
		{
			"from": [5.55663, 20.77457, 5.43771],
			"to": [10.55663, 21.77457, 10.43771],
			"rotation": {"angle": 22.5, "axis": "y", "origin": [8, 13.23956, 7.93771]},
			"faces": {
				"north": {"uv": [0.625, 1.25, 0.75, 1.84375], "rotation": 90, "texture": "#1"},
				"east": {"uv": [0, 1.875, 0.625, 2], "texture": "#1"},
				"south": {"uv": [2.25, 1.875, 2.875, 2], "texture": "#1"},
				"west": {"uv": [2.25, 1.75, 2.875, 1.875], "texture": "#1"},
				"up": {"uv": [0.625, 1.875, 0, 1.25], "texture": "#1"},
				"down": {"uv": [3.625, 1.25, 3, 1.875], "texture": "#1"}
			}
		},
		{
			"from": [9.55663, 21.77457, 6.43771],
			"to": [12.55663, 22.77457, 9.43771],
			"rotation": {"angle": 22.5, "axis": "z", "origin": [11, 14.48956, 7.93771]},
			"faces": {
				"north": {"uv": [0.375, 2.375, 0.75, 2.5], "rotation": 180, "texture": "#1"},
				"east": {"uv": [0, 2.375, 0.375, 2.5], "rotation": 180, "texture": "#1"},
				"south": {"uv": [1.125, 2.375, 1.5, 2.5], "rotation": 180, "texture": "#1"},
				"west": {"uv": [4.5, 6.375, 4.875, 6.5], "texture": "#1"},
				"up": {"uv": [0.75, 2.875, 0.375, 2.5], "texture": "#1"},
				"down": {"uv": [1.125, 2.875, 0.75, 2.5], "texture": "#1"}
			}
		},
		{
			"from": [7.50663, 13.62457, 9.11271],
			"to": [10.50663, 14.62457, 12.11271],
			"rotation": {"angle": -22.5, "axis": "x", "origin": [8.95, 6.33956, 10.61271]},
			"faces": {
				"north": {"uv": [0.75, 2.375, 1.125, 2.5], "rotation": 180, "texture": "#1"},
				"east": {"uv": [1.125, 2.375, 1.5, 2.5], "rotation": 180, "texture": "#1"},
				"south": {"uv": [0, 2.375, 0.375, 2.5], "rotation": 180, "texture": "#1"},
				"west": {"uv": [4.5, 6.375, 4.875, 6.5], "texture": "#1"},
				"up": {"uv": [0.75, 2.375, 0.375, 2.875], "rotation": 180, "texture": "#1"},
				"down": {"uv": [1.125, 2.375, 0.75, 2.875], "rotation": 180, "texture": "#1"}
			}
		},
		{
			"from": [5, 16.02457, 4.88108],
			"to": [11, 18.02457, 10.88108],
			"rotation": {"angle": -45, "axis": "y", "origin": [8, 8.48956, 7.93771]},
			"faces": {
				"north": {"uv": [0, 0.75, 0.75, 1], "texture": "#1"},
				"east": {"uv": [3, 0.75, 3.75, 1], "texture": "#1"},
				"south": {"uv": [2.25, 1.5, 3, 1.75], "texture": "#1"},
				"west": {"uv": [2.25, 1.25, 3, 1.5], "texture": "#1"},
				"up": {"uv": [0.75, 0.75, 0, 0], "texture": "#1"},
				"down": {"uv": [3.75, 0, 3, 0.75], "texture": "#1"}
			}
		},
		{
			"from": [6.30663, 14.52457, 6.18771],
			"to": [9.80663, 16.77457, 9.68771],
			"rotation": {"angle": 0, "axis": "y", "origin": [8, 6.98956, 7.93771]},
			"faces": {
				"north": {"uv": [0.375, 2.125, 0.75, 2.375], "texture": "#1"},
				"east": {"uv": [0, 2.125, 0.375, 2.375], "texture": "#1"},
				"south": {"uv": [1.125, 2.125, 1.5, 2.375], "texture": "#1"},
				"west": {"uv": [0.75, 2.125, 1.125, 2.375], "texture": "#1"},
				"up": {"uv": [4.75, 5.25, 4.375, 4.875], "texture": "#1"},
				"down": {"uv": [5.125, 4.875, 4.75, 5.25], "texture": "#1"}
			}
		},
		{
			"from": [6.55663, 11.02457, 6.43771],
			"to": [9.55663, 15.27457, 9.43771],
			"rotation": {"angle": -22.5, "axis": "y", "origin": [8, 5.48956, 7.93771]},
			"faces": {
				"north": {"uv": [1.5, 2.5, 1.875, 3], "texture": "#1"},
				"east": {"uv": [1.125, 2.5, 1.5, 3], "texture": "#1"},
				"south": {"uv": [2.25, 2.5, 2.625, 3], "texture": "#1"},
				"west": {"uv": [1.875, 2.5, 2.25, 3], "texture": "#1"},
				"up": {"uv": [1.875, 2.5, 1.5, 2.125], "texture": "#1"},
				"down": {"uv": [2.25, 2.5, 1.875, 2.125], "texture": "#1"}
			}
		}
	],
	"display": {
		"thirdperson_righthand": {
			"rotation": [7, 21, -10],
			"translation": [0.5, 0, 0],
			"scale": [0.5, 0.5, 0.5]
		},
		"thirdperson_lefthand": {
			"rotation": [7, 21, -10],
			"translation": [0.5, 0, 0],
			"scale": [0.5, 0.5, 0.5]
		},
		"firstperson_righthand": {
			"scale": [0.5, 0.5, 0.5]
		},
		"firstperson_lefthand": {
			"scale": [0.5, 0.5, 0.5]
		},
		"ground": {
			"rotation": [15, 19, 15],
			"translation": [0, 0.25, 0],
			"scale": [0.5, 0.5, 0.5]
		},
		"gui": {
			"rotation": [3, -31, -13],
			"translation": [0, -4.5, 0],
			"scale": [0.7, 0.7, 0.7]
		},
		"head": {
			"translation": [0, -38, 0],
			"scale": [3, 3, 3]
		},
		"fixed": {
			"rotation": [0, 45, 0],
			"translation": [0, -5, -7.5]
		}
	},
	"groups": [
		{
			"name": "crystal",
			"origin": [8, 15.23956, 7.93771],
			"children": [
				{
					"name": "arms",
					"origin": [8, 15.23956, 7.93771],
					"children": [0, 1, 2, 3, 4, 5, 6, 7, 8, 9, 10, 11, 12, 13, 14, 15, 16, 17, 18, 19]
				},
				{
					"name": "crystal",
					"origin": [8, 5.48956, 7.93771],
					"children": [20, 21, 22, 23, 24, 25, 26, 27, 28]
				}
			]
		}
	]
}